District(D)/Taluk(T)/Hobli(H),Name,Normal (mm),Actual (mm),Departure (%)
D,BENGALURU URBAN,845.6,933.8,10
T,Anekal,901.6,933.8,4
H,Anekal_1,901.6,866.5,-4
H,Attibele_1,823.5,970.5,18
H,Jigani_1,844.8,900.4,7
H,Sarjapura_1,747.8,929.3,24
H,Anekal_2,880.9,937.5,6
H,Jigani_2,865,969,12
H,Attibele_2,856.8,941.3,10
H,Sarjapura_1,855,959.4,12
H,Sarjapura_3,813.6,994.3,22
T,Bengaluru North,1004.6,969.2,-4
H,Bengaluru North_1,1004.6,869.3,-13
H,Dasanapura_1,895.6,884.6,-1
H,Yashavantapura_1,819,1031.4,26
H,Bengaluru North_2,854.2,950,11
H,Yashavantapura_2,865.7,1081.6,25
H,Dasanapura_2,872.2,1079.2,24
H,Dasanapura_3,899.8,1019.1,13
T,Bengaluru South,819.5,913.3,11
H,Beguru_3,819.5,818,0
H,Kengeri_1,905.4,1036,14
H,Tavarekere_1,734.4,1096.7,49
H,Uttarahalli_4,904.7,1147.4,27
H,Uttarahalli_1,885.8,780.7,-12
H,Uttarahalli_2,872.1,848.2,-3
H,Uttarahalli_3,862.6,682.5,-21
H,Uttarahalli_5,941.1,964.2,2
H,Beguru_1,912.3,832.2,-9
H,Beguru_2,875,892.7,2
H,Kengeri_2,877.9,932,6
H,Kengeri_3,860.1,869.1,1
H,Kengeri_4,851.5,1235,45
H,Tavarekere_2,961,790.3,-18
H,Tavarekere_3,870.6,1012.4,16
T,Bengaluru East,814.5,817.1,0
H,Mahadevpura_1,814.5,532,-35
H,Bidarahalli_2,828,821.5,-1
H,Varturu_1,817.9,911.6,11
H,K R Pura_2,855.2,765.7,-10
H,K R Pura_3,827.4,683.7,-17
H,Varturu_2,881.1,761.2,-14
H,Bidarahalli_1,820.6,896.6,9
H,Mahadevapura_2,882.2,506.9,-43
H,Marathahalli,891.5,930.2,4
H,Bidharahalli_3,798.7,1089.9,36
T,Yelahanka,751.6,1022.2,36
H,Yelahanka_1,751.6,1157.9,54
H,Yelahanka_2,785.4,1040.7,33
H,Yelahanka_3,800.6,1128.3,41
H,Jala_1,760.1,873.8,15
H,Jala_2,763.4,976.7,28
H,Jala_3,781.4,970.3,24
H,Hesarughatta_1,746.1,1007.1,35
H,Hesarughatta_2,780.6,1028.7,32
D,BENGALURU RURAL,798.5,883.5,11
T,Devanahalli,808.5,813.2,1
H,Devanahalli,808.5,910.1,13
H,Channarayapatna,796.3,741.3,-7
H,Kundana,786.3,777.7,-1
H,Vijaypura,786.9,815.2,4
T,DODDABALLAPURA,799,951,19
H,Dodballapur,799,844.5,6
H,Dodda Belavangala,791.9,960.6,21
H,Madure,812.5,879.8,8
H,Sasalu,710,975.5,37
H,Tubagere,787,1040.7,32
T,HOSAKOTE,856.9,756.7,-12
H,Hosakote,856.9,894,4
H,Anugondhalli,731.3,705.6,-4
H,Jadigenhalli,795.7,808.3,2
H,Nandagudi,777.3,665.5,-14
H,Sulibele,802.8,731.2,-9
T,Nelamangala,954.3,979.7,3
H,Nelamangala,954.3,1025.3,7
H,Sompura,794.5,953.8,20
H,Tyamagondal,877,875.9,0
H,Nelamangala_2,890.8,1013.4,14
H,Sompura_2,827,878.8,6
H,Tyamagondal_2,869.8,1032.6,19
D,RAMANAGARA,840.1,877.9,4
T,Channapatna,861.4,797.2,-7
H,Channapatna,861.4,840.6,-2
H,Maluru,843.4,760.3,-10
H,Virupakshipura,843.5,799.8,-5
T,Kanakapura,797,781.7,-2
H,Kanakapura,797,796.8,0
H,Kodihalli,802.6,961,20
H,Satnuru,798.6,603.6,-24
H,Uyyamballi,792.5,741.2,-6
T,Magadi,1000.6,1141,14
H,Magadi,1000.6,1201.3,20
H,Kuduru,841.2,1167.8,39
H,Madabal,968.7,1024.6,6
H,Solur,881.1,1185.4,35
H,Tippasanara,822.3,1132.2,38
T,Ramanagara,921.5,893.9,-3
H,Ramanagara_1,921.5,841.1,-9
H,Bidadi,865.6,855.5,-1
H,Kailancha,867.5,930,7
H,Kutgallu,887.6,882.2,-1
H,Ramanagara_2,889.4,969,9
H,Kailancha_2,871.7,948.4,9
T,Harohalli,845.5,735.6,-13
H,Harohalli,845.5,618.1,-27
H,Dodda Maralavadi,828.6,797.2,-4
D,KOLAR,735.2,780.3,6
T,Bangarapet,764.3,787.5,3
H,Bangarapet,764.3,728.1,-5
H,Budikote,687.1,731.4,6
H,Kamsandra,778,832.7,7
H,Robertsonpet,818.2,921.6,13
T,Kolar,783.6,655.4,-16
H,Kolar,783.6,562.6,-28
H,Holuru,744.7,779.5,5
H,Huttur,768.4,669.5,-13
H,Narasapura,753,555.1,-26
H,Sugaturu,763.3,674.1,-12
H,Vakkaleri,737.7,643.8,-13
H,Rajakallahalli Vemagal,758.6,666,-12
T,Malur,798.4,766.8,-4
H,Malur,798.4,683.7,-14
H,Lakkur,528.8,836.9,58
H,Masathi,632.6,809.2,28
H,Tyakal,649.2,787.8,21
T,MULABAGILU,803.8,807.9,1
H,Mulbagal,803.8,744.9,-7
H,Avani,775.4,806.4,4
H,Bairakur,734.2,943.1,28
H,Duggasandra,752.5,767.8,2
H,Tayilur,708.1,762.7,8
T,Srinivasapura,757.6,800.3,6
H,Srinivasapura,757.6,807.2,7
H,Nelavanki,664.2,801.7,21
H,Ronuru,711,883.5,24
H,Rayalpadu,639.4,771.7,21
H,Yelldur,710.3,734,3
T,K.G.F,889.8,954.2,7
H,Betamangala,797.3,914.6,15
H,Kyasamballi,784.9,968.9,23
H,Robertsonpet,889.8,1019.8,15
D,CHIKKABALLAPURA,736,755.3,3
T,Bagepalli,695.4,740.6,7
H,Bagepalli,695.4,827.1,19
H,Chelur,706.4,766.2,8
H,Guluru,696.4,740.2,6
H,Mittemari,715.3,786.1,10
H,Pathapalya,701.3,630.6,-10
T,CHIKKABALLAPURA,828.4,818.7,-1
H,Chikballapura,828.4,828.9,0
H,Mandikal,723.1,792.4,10
H,Nandi,807.9,835.8,3
T,Chintamani,787.4,704.2,-11
H,Chintamani,787.4,732.5,-7
H,Ambajidurga,768.4,661.8,-14
H,Chilakalanerpu,722.6,689.4,-5
H,Kaiwara,736.2,733.3,0
H,Munganahalli,730.2,699.3,-4
H,Murugamale,749,724.7,-3
T,Gauribidanur,704.7,851.5,21
H,Gauribidanur,704.7,809.2,15
H,D.Palya,713.2,699.8,-2
H,Hosur,709.9,919.6,30
H,Manchenahalli,786.2,797.4,1
H,Nagaragere,695.4,885.2,27
H,Tondebavi,758.6,990.7,31
T,Gudibanda,694,728.3,5
H,Gudibanda,694,778.1,12
H,Somenahalli,728,675.4,-7
T,Sidlaghatta,763.5,665.6,-13
H,Sidlaghatta,763.5,663,-13
H,Bashattahalli,765.1,711.2,-7
H,Jangamakote,776,665,-14
H,Sadali,735.2,622,-15
D,TUMAKURU,669.2,1015.8,52
T,CHIKKANAYAKANAHALLI,760.7,1006.5,32
H,Chiknayakanahalli,760.7,1092.6,44
H,Handanakere,594.7,948.6,60
H,Huliyaru,504.1,997.2,98
H,Kandikere,609.7,1024.1,68
H,Shettikeri,700.2,1041.7,49
T,Gubbi,809.4,1147.4,42
H,Gubbi,809.4,1295.2,60
H,Chandrashekerapura,691.9,1002.9,45
H,Chelur,729.5,1161.4,59
H,Hagalavadi,655,1096.5,67
H,Kadaba,787.1,1143.7,45
H,Nittur,789.2,1149.4,46
T,Koratagere,778.8,1133.3,46
H,Koratagere,778.8,1194,53
H,Chennarayadurga,787.4,1107.4,41
H,Holanahalli,767.9,1198.6,56
H,Kolala,721.3,1055.9,46
T,Kunigal,824.9,931.5,13
H,Kunigal,824.9,951,15
H,Amrutur,675.4,920,36
H,Huliyurudurga,741.5,899.5,21
H,Huttariduraga,799.3,1071.2,34
H,Kottagere,752.4,985.6,31
H,Yedeyur,668.9,835.4,25
T,Madhugiri,730.3,1034.8,42
H,Madhugiri,730.3,1129.4,55
H,Dodderi,594.3,1084.7,83
H,Itakadibbanahalli,615.7,966.2,57
H,Kodigenahalli,631.6,911.5,44
H,Midigesi,553.4,1009.9,82
H,Puravara,673.6,1114.8,66
T,Pavagada,611.6,873.8,43
H,Pavagada,611.6,901.6,47
H,Nagalamadike,587.7,797.8,36
H,Nidagal,518,971.6,88
H,Yellappanayakana Hosakote,532,853.8,60
T,Sira,637.7,908.5,42
H,Sira,637.7,863.8,35
H,Bukkaptna,579.1,973.9,68
H,Gowdagere,580.6,750.1,29
H,Hulikunta,505.8,986.2,95
H,Kallambella,606,987.9,63
T,Tiptur,731.2,1019.5,39
H,Tiptur,731.2,951.8,30
H,Honnavalli,705.6,1010.5,43
H,Kibbanahalli,607.6,1085.6,79
H,Nonavinakere,719.8,1053.5,46
T,Tumakuru,830.8,1178.8,42
H,Tumakuru North,830.8,1244.5,50
H,Bellavi,788.1,1305.6,66
H,Guluru,869.3,1091.3,26
H,Hebbur,678,983.3,45
H,Uradigere,683.3,1211,77
H,Kora,788.4,1306.8,66
H,Tumakuru East,844.2,1381.1,64
H,Tumakuru West,839.5,1158.5,38
H,Tumakuru South,846.3,1117.9,32
T,Turuvekere,772.2,1038.2,34
H,Turuvekere,772.2,1010.6,31
H,Dabbegatta,606.2,1019.3,68
H,Dandinasivara,707.3,1077.7,52
H,Mayasandra,657,1051.9,60
D,CHITRADURGA,540.1,697.9,29
T,Challakere,484.5,736.8,52
H,Challakere,484.5,574.8,19
H,Nayakanahatti,427.7,985,130
H,Parasurampura,410.3,799.3,95
H,Thalku,391.7,641.7,64
T,Chitradurga,665.5,747.9,12
H,Chitradurga,665.5,688.6,3
H,Bharmasagara,601.4,810.6,35
H,Hire Guntanur,576,889.2,54
H,Turuvanur,580.6,676.7,17
T,Hiriyur,578.2,604.3,5
H,Hiriyur,578.2,640,11
H,Aymangala,516.7,549.7,6
H,Dharmapura,480.5,668.4,39
H,Javanagondanahalli,562.1,579.7,3
T,Holalkere,722,632.4,-12
H,Holalkere,722,647.7,-10
H,Bharmanaikanadurga,647.7,601.7,-7
H,Ramagiri,535.1,688.1,29
H,Talya,650.3,601.5,-8
T,Hosadurga,647.7,818.6,26
H,Hosadurga,647.7,837.6,29
H,Madadhakeri,572.8,745.6,30
H,Mathodu,580.2,847.6,46
H,Srirampura,564.3,869.4,54
T,Molakalmuru,545,575.4,6
H,Molakalmuru,545,501.9,-8
H,Devasamudra,400.3,658.1,64
D,DAVANAGERE,659,952.4,45
T,Channagiri,840.1,908.5,8
H,Channagiri,840.1,948.3,13
H,Basavapatna_1,703.4,910.8,29
H,Basavapatna_2,681.9,812,19
H,Santebannur_1,710.2,874.4,23
H,Santebannur_2,741,847.4,14
H,Ubrani,751.6,943.5,26
T,Davanagere,641.3,956.3,49
H,Davangere,641.3,934.3,46
H,Anogodu,598.8,975.2,63
H,Mayakonda,638.9,958.7,50
T,HARIHARA,630.1,868.3,38
H,Harihara,630.1,820.8,30
H,Malebennur,586.3,907.5,55
T,Honnali,661.6,954.6,44
H,Honnali,661.6,946.4,43
H,Govinakovi_2,667.2,881.2,32
H,Sasavehalli_1,719.3,1053.4,46
H,Sasavehalli_2,640.3,890,39
T,Jagalur,527.7,994.4,88
H,Jagalur,527.7,1051.9,99
H,Bilichodu,503.6,883,75
H,Sokke,574.4,1027.2,79
T,Nyamati,825.7,1085.7,31
H,Belagutti,825.7,1116.3,35
H,Govinakovi_1,709.9,1001.9,41
D,CHAMARAJANAGARA,786.9,836.3,6
T,CHAMARAJANAGARA,769.7,880.7,14
H,Chamarajanagara,769.7,856.5,11
H,Chandakavadi,792.9,871.1,10
H,Haradanhalli,774.4,970.2,25
H,Harve,751.9,860.7,14
H,Santemarahalli,837.8,846.1,1
T,Gundlupet,792,938.5,18
H,Gundlupet,792,905.8,14
H,Begur,648.7,926.9,43
H,Terakanambi,766.2,761.4,-1
H,Hangala,784.1,1006.6,28
T,Kollegal,843.4,789.3,-6
H,Kollegala,843.4,695.5,-18
H,Palya,802.3,839,5
T,Yelandur,867.3,750,-14
H,Yelandur,867.3,809.8,-7
H,Agara,770.8,720.7,-6
T,Hanur,753.8,775.6,3
H,Hanur,753.8,785.5,4
H,Lokkanahalli,781.4,687.2,-12
H,Ramapura,811.1,797,-2
D,MYSURU,837.4,964.9,15
T,HEGGADADEVANAKOTE,836.7,1137.2,36
H,Heggadadevanakote,836.7,1078.9,29
H,Antarasante,1031.5,1263.2,22
H,Hampapura,764.5,984.1,29
T,Hunsur,799.3,923.7,16
H,Hunsur,799.3,867.4,9
H,Bilikere,764.1,937.1,23
H,Gowdargyare,767.2,805.9,5
H,Hanagoadu,976.2,994.5,2
T,Krishnarajanagar,734.9,712.7,-3
H,Krishnarajanagar,734.9,668.9,-9
H,Hebbalu,721.3,763.9,6
H,Hasa Agrahar,681.7,709.5,4
T,Mysuru,809.9,807.6,0
H,Mysuru,809.9,848.8,5
H,Elivala,756.9,726.2,-4
H,Jayapura,774.1,886.6,15
H,Varuna,738.5,749.6,2
T,Nanjanagud,730,926.3,27
H,Nanjangud,730,986.8,35
H,Biligere,725.6,837.8,15
H,Chikkayyana Chattra,732.3,882.4,20
H,Hullahalli,788.3,1010.4,28
H,Doddakowlande,731,815.7,12
T,Periyapatna,851.7,1093.8,28
H,Periyapatna,851.7,1093,28
H,Bettadpur,770.1,1095,42
H,Haranahalli,957,1279.6,34
H,Ravanduru,809.7,836.2,3
T,T.NARASIPURA,738.2,877.6,19
H,T.Narasipur,738.2,909.9,23
H,Bannur,721.4,836.7,16
H,Muguru,781.3,849.3,9
H,Sosale,737.8,967.8,31
H,Talakad,776.8,819.6,6
T,Saraguru,949.7,1067.4,12
H,Saraguru,949.7,1030.3,8
H,B.Matakere,937.4,1094.9,17
T,Saligram,662.9,921.5,39
H,Saligram,662.9,983,48
H,Mirale,690.2,970.4,41
H,Chanachanakatte,698.6,813.5,16
D,MANDYA,699,868.9,24
T,Krishnarajapet,747.4,1061.4,42
H,Krishnarajapet,747.4,933.6,25
H,Akkihebalu,699.4,1092.4,56
H,Bukanakere,700.3,843.5,20
H,Kikkeri,719.5,1215,69
H,Santebachahalli,652,1223.7,88
H,Silanare,697.7,1060.2,52
T,Maddur,767,703.4,-8
H,Madduru_2,767,710.1,-7
H,Koppa_2,883.4,715,-19
H,Chikkaarasinakere_1,753.1,585.9,-22
H,Autaguru,779.1,747.5,-4
H,Madduru_1,757.8,625,-18
H,Koppa_2,739.3,915.4,24
H,Koppa_1,832.2,768.5,-8
H,Koppa_3,768.5,736.3,-4
H,Chikaarasinakere_2,742.1,633.6,-15
H,Chikaarasinakere_3,734.5,667.3,-9
T,Malavalli,702.6,889.2,27
H,Malavalli_1,702.6,758.5,8
H,Halaguru,799.3,962.4,20
H,Kirgavalu_1,719,747.1,4
H,B G Pura_2,778.1,883.9,14
H,Malavalli_2,748.3,924.2,24
H,Malavalli_3,772.3,742.3,-4
H,Kirgavalu_2,721.1,986.8,37
H,Kirgavalu_3,718.6,899.2,25
H,B G Pura_1,772.6,906.4,17
T,Mandya,699.7,762.6,9
H,Mandya_1,699.7,610.6,-13
H,Basaralu_1,609.5,929.2,52
H,Dudda_1,648.8,833.4,28
H,Keragodu_1,735.1,733.6,0
H,Kottatti_1,697.4,691.3,-1
H,Mandya_2,736.9,625.9,-15
H,Kottatti_2,709.4,709.5,0
H,Keragodu_2,747.4,703.5,-6
H,Dudda_2,681.4,606.7,-11
H,Basaralu_2,796.4,959.9,21
T,Nagamangala,765.1,904.3,18
H,Nagamangala,765.1,621.3,-19
H,Belluru,520,965.2,86
H,Bendaganavele,556.4,1177.1,112
H,Devalapura,692,810.1,17
H,Honakere,465.3,973.1,109
T,Pandavapura,679.6,806.8,19
H,Pandavapura_1,679.6,664.2,-2
H,Chinkurali,684.6,873.1,28
H,Melukote,701.8,853.8,22
H,Pandavapura_2,660.5,688.7,4
T,Srirangapatna,638.1,834.1,31
H,Srirangapatna,638.1,842.4,32
H,Arakere,700.9,798.5,14
H,Belagola,748,870.1,16
H,K Shettihalli_2,650.6,847.9,30
H,K Shettihalli_1,642.9,855.2,33
D,BALLARI,599.5,662.6,11
T,Ballari,516.2,431.4,-16
H,Ballari,516.2,410.1,-21
H,Moka,523.8,559,7
H,Rupanagudi,504.6,316.6,-37
H,Koluru,525.3,475.5,-9
T,Sandur,818.6,893.9,9
H,Sandur,818.6,906.4,11
H,Choranuru,626.8,975.4,56
H,Toranagallu,611.6,776.8,27
T,Siruguppa,675.1,650.4,-4
H,Siruguppa,675.1,790,17
H,Hachcholli,655.7,700.4,7
H,Karuru,563.1,476.2,-15
H,Tekkalakote,630,682.1,8
T,Kurugodu,499.2,595.2,19
H,Kurugodu,499.2,631.4,26
H,Koluru,513.6,536.9,5
T,Kampli,531.1,657,24
H,Kampli,531.1,685,29
H,Kurugodu,552.8,607.8,10
D,KOPPALA,613.8,598.3,-3
T,Gangavathi,583,673.1,15
H,Gangavathi,583,724.6,24
H,Marali,571.3,579.8,1
H,Venkatagiri,585.5,705.1,20
T,KOPPALA,635,610.5,-4
H,Koppal,635,629,-1
H,Alawandi,586.7,645.5,10
H,Hitnal,640.1,620,-3
H,Irkalgada,626.9,538.5,-14
T,Kushtagi,597.1,550.9,-8
H,Kushtagi,597.1,559.6,-6
H,Hanumanhal,658.4,515.4,-22
H,Hanamsagar,626.6,547.2,-13
H,Tavaragera,591.8,568.4,-4
T,Yelburga,596.8,646.7,8
H,Yelburga,596.8,641.6,8
H,Hire Wankalkunti,594.9,658.2,11
T,Karatagi,639.8,540.1,-16
H,Karatgi,639.8,535.8,-16
H,Siddapur,592.7,544.7,-8
T,Kukanuru,693.2,537.9,-22
H,Kukanoor,693.2,500.6,-28
H,Manglur,630.4,623.5,-1
T,Kanakagiri,525.2,665.1,27
H,Kanakagiri,525.2,637.9,21
H,Hulihaider,557.6,568.6,2
H,Nauli,594.9,781.4,31
D,RAICHUR,654.7,636.6,-3
T,Deodurga,759,630,-17
H,Devadurga,759,619.7,-18
H,Arakeri,658.5,650.1,-1
H,Gabbur,682.5,667.2,-2
H,Jalihalli,690.3,580.6,-16
T,Lingsugur,631.3,643.1,2
H,Lingasuguru,631.3,672.2,6
H,Gurgunta,622.8,644,3
H,Mudgal,624.7,615.4,-1
T,Manvi,651.9,522.1,-20
H,Manvi,651.9,489.5,-25
H,Hire Katankal,644.3,492.1,-24
H,Kurdi,663.2,594.1,-10
T,Raichur,735.6,769.1,5
H,Raichur,735.6,846.1,15
H,Chandrabanda,733,758.6,3
H,Devarsugur,723.4,810.9,12
H,Gilasuguru,610.8,667,9
H,Kalmali,678.3,707.8,4
H,Yergara,762.8,823,8
T,Sindhanur,691.4,628.6,-9
H,Sindhanur,691.4,642.3,-7
H,Badarli,662.9,684,3
H,Gorebal,648.9,464.7,-28
H,Gunjihalli,634.6,594.9,-6
H,Hadganhal,654.9,636.5,-3
H,Huda,649.9,482.4,-26
H,Jalihal,637.7,708.9,11
H,Jawalgeri,655.9,702.1,7
H,Kunatgi,660.7,732.8,11
H,Salgundi,660.2,590.6,-11
H,Turvihal,627.4,685.6,9
H,Walkamdinni,644.9,621.6,-4
T,Maski,559.5,569.1,2
H,Maski,559.5,591.2,6
H,Halapur,587.1,469.7,-20
H,Pamankallur,602.2,499.3,-17
H,Balganur,598.7,642.1,7
H,Gunjihalli,609.9,634.4,4
H,Turvihal,603.8,668.4,11
H,Gudadur,574.3,611.5,6
H,Lingsugur,593,444.8,-25
T,Sirivara,588.7,606.5,3
H,Sirwar,588.7,605.4,3
H,Kallur,671.5,624.4,-7
H,Mallat,624.5,615.6,-1
H,Kavital,622.7,580.1,-7
D,KALABURAGI,770.5,830.5,8
T,Afzalpur,692,768.4,11
H,Afzalpur,692,766.3,11
H,Atanur,707.2,792.8,12
H,Karajgi,663.7,745,12
T,Aland,763.7,886.1,16
H,Aland,763.7,870.8,14
H,Khajuri,757.2,941.4,24
H,Madana Hipparga,735.5,870.4,18
H,Narona,766.6,953.1,24
H,Nimbarga Tanda,761.8,839.1,10
T,Chincholi,913.2,852.6,-7
H,Chincholi,913.2,971.2,6
H,Ainapur,783.4,832,6
H,Sulepet,873.9,737.3,-16
H,Kodli Chincholi,896.8,735.5,-18
T,CHITTAPUR,771.2,886.3,15
H,Chittapur,771.2,926.6,20
H,Gundgurti,776.5,833.1,7
H,Nalavara,791.2,879.5,11
T,Kalaburagi,794,787.5,-1
H,Kalaburagi,794,829.7,4
H,Aurad,777.5,827.2,6
H,Farhatabad,779.2,751.8,-4
H,Pattan,772.7,760.4,-2
T,Jevargi,804.9,688.3,-14
H,Jewargi,804.9,688.1,-15
H,Andola,792.1,701.1,-11
H,Nelogi,752.9,676.6,-10
T,Sedam,790.8,988.7,25
H,Sedam,790.8,944,19
H,Adki,807,992.1,23
H,Kodla,799.5,972,22
H,Mudhol,806.9,1060.4,31
T,Kalagi,765.5,834.2,9
H,Kalagi,765.5,874.7,14
H,Kodli,774.2,767,-1
H,Gundgurti,772.8,855.7,11
T,Kamalapura,762,926.2,22
H,Kamalapur,762,857.1,12
H,Mahagaon Tanda,772.1,937.1,21
H,Narona,770.2,1108.1,44
H,Ainapur,779.7,676,-13
T,Yadrami,686.5,677.3,-1
H,Yadrami,686.5,657.7,-4
H,Ijeri,750,708.5,-6
T,Shahbadha,758.4,837.3,10
H,Shahabad,758.4,837.3,10
D,BIDAR,838.1,838.7,0
T,Aurad,854.8,643.6,-25
H,Aurad,854.8,653.3,-24
H,Chintaki,873,560.8,-36
H,Santpur,875,692.9,-21
T,Bidar,939.8,837.9,-11
H,Bidar,939.8,768.6,-18
H,Bagadhal,843.1,811.9,-4
H,Bidar South,935.1,873.6,-7
H,Janwada,909.4,868.5,-4
H,Kamthana,906.5,826.4,-9
H,Manalli,890.2,890.9,0
T,Bhalki,874.1,866.8,-1
H,Bhalki,874.1,879.4,1
H,Halburga,875.4,857.6,-2
H,Khatak Chincholi,833.2,940.7,13
H,Lakangaon,877.3,847.1,-3
H,Nittur Buzurg,873.5,847.7,-3
H,Saigaon,769.2,845.5,10
T,Basavakalyan,790.3,941.5,19
H,Basavakalyan,790.3,949.3,20
H,Kohinoor,774.8,954.5,23
H,Matala,786.9,985.4,25
H,Mudabi,778.9,928.6,19
H,Rajeshwar,813.4,890.1,9
T,Humnabad,834.2,961.6,15
H,Humnabad,834.2,995.9,19
H,Dubalgundi,822.4,938,14
H,Hallikheda,827,940,14
T,Chittaguppa,759.4,952.2,25
H,Chitguppa,759.4,886.2,17
H,Bhimalkhed,838.3,1012.9,21
H,Nirna,794.1,980.6,23
T,Kamalanagara,902.4,716.3,-21
H,Kamalnagar,902.4,613.4,-32
H,Dabaka C.,877.7,866.8,-1
H,Thanakushanur,873.4,739.2,-15
T,Hulasuru,739.3,625,-15
H,Hulsoor,739.3,625,-15
D,BELAGAVI,826.2,1165,41
T,Athani,539,642.4,19
H,Athani,539,618.2,15
H,Anantapur,516.9,649.4,26
H,Telsang,507.3,656.4,29
T,Bailhongal,816,1038.1,27
H,Bailhongal,816,979.2,20
H,Nesargi,770.7,1086.2,41
T,Belagavi,1363.1,1673.2,23
H,Belagavi,1363.1,1776.7,30
H,Hirebagevadi,1041.3,1338.5,29
H,Kakti,1130.5,1322,17
H,Uchagaon,1340.9,2302.3,72
T,Chikkodi,666,873.4,31
H,Chikkodi,666,928.2,39
H,Nagaramonnali,634.1,807.3,27
H,Sadalgi,663.4,854.2,29
T,Gokak,524.1,707.3,35
H,Gokak,524.1,755.6,44
H,Kowjalgi,537,712.1,33
H,Arbhavi,560.4,569.2,2
T,Hukkeri,648.6,1015.1,57
H,Hukkeri,648.6,781.5,20
H,Sankeswar,812.1,1184,46
H,Yamkanmardi,685.2,1081.5,58
T,Khanapur,1950.2,3018.9,55
H,Khanapur,1950.2,1977.9,1
H,Bidi,1413.4,1755.9,24
H,Gunji,2263.3,3371.4,49
H,Jamboti,1856.1,3825.7,106
T,RAMADURGA,540.4,707.7,31
H,Ramdurg,540.4,665.8,23
H,Bidki,534,685.7,28
H,Katkol,535.6,762.4,42
H,Mudkavi,542.5,700.7,29
T,Raibagh,483.1,614.1,27
H,Raibagh,483.1,610.5,26
H,Kudchi,528.9,617.6,17
T,Soundatti,568,848.1,49
H,Savadatti,568,905.1,59
H,Manoli,562,809.9,44
H,Muragoda,607.1,822.5,35
T,Kitthuru,1035.5,1387.8,34
H,Kittur,1035.5,1375.1,33
T,Nippani,838.1,1128.7,35
H,Nippani,838.1,1239.4,48
H,Sadalgi,766.8,987.8,29
T,Kagavada,540.7,882.2,63
H,Kagwad,540.7,882.2,63
T,Mudagali,533.5,637.4,19
H,Arbhavi,533.5,674.7,26
H,Kowjalgi,528.5,602.1,14
H,Yargatti,532.8,735.6,38
T,Yargatti,532.8,735.6,38
D,BAGALKOTE,582.4,602.9,4
T,Badami,599.5,599.5,0
H,Badami,599.5,557,-7
H,Kerur,569.7,615.1,8
H,Kulgeri,582.5,625.8,7
T,Bagalkote,612.6,571.6,-7
H,Bagalkote,612.6,548.2,-11
H,Kaladgi,548.1,518.8,-5
H,Rampura,611.7,642.6,5
T,Bilgi,609.5,495.3,-19
H,Bilgi,609.5,508.7,-17
H,Anagvadi,598.7,480.2,-20
T,Hungund,669.5,634.7,-5
H,Hungund,669.5,587.4,-12
H,Amingarh,632.6,696.3,10
H,Karadi,652.2,663.8,2
T,Jamkhandi,548.3,704.4,28
H,Jamakhandi,548.3,665.9,21
H,Savalagi,529.7,726.1,37
H,Terdal,542.8,793,46
T,Mudhol,532,547.6,3
H,Mudhol,532,529.4,0
H,Lokapur,472.5,566.1,20
T,Guledagudda,606.8,650.4,7
H,Guledagudda,606.8,650.4,7
T,Ilkal,651.4,658.4,1
H,Ilkal,651.4,719.6,10
H,Amingarh,636.4,593.5,-7
H,Karadi,653.8,562.9,-14
T,Rabakavi Banahatti,495.7,622.2,26
H,Terdal,495.7,616.1,24
H,Mudhol,549.7,645.8,17
D,VIJAYAPURA,591.2,621.6,5
T,BAGEVADI,668.5,594.5,-11
H,Basavana Bagewadi,668.5,604.3,-10
H,Huvin Hippargi,647.1,602.3,-7
H,Managuli,608.3,577.6,-5
T,Vijayapura,670.9,522.3,-22
H,Vijayapura,670.9,542.5,-19
H,Nagathan,392.3,493.2,26
T,Indi,620.2,649.8,5
H,Indi,620.2,636.3,3
H,Ballolli,563.4,664.4,18
T,Muddebihal,651.7,589.6,-10
H,Muddebihal,651.7,630.3,-3
H,Dhavalagi,637.9,546.1,-14
H,Nalatvad,690.6,590.4,-15
T,Sindgi,657.8,643.4,-2
H,Sindhagi,657.8,644,-2
T,Babaleshwara,544.6,639.8,17
H,Babaleshwar,544.6,652.6,20
H,Mamdapur,568.8,607.7,7
T,Chadachana,552.4,597.8,8
H,Chadchan,552.4,597.9,8
T,Nidagundi,616.4,624.6,1
H,Nidagundi,616.4,618.4,0
H,Basavana Bagewadi,630.8,565.7,-10
H,Huvin Hipprgi,628.5,649.7,3
H,Muddebihal,614.6,681,11
H,Dhavalagi,624.3,645.9,3
T,Talikote,585.8,585.5,0
H,Talikoti,585.8,632,8
H,Devarhipargi,597.5,425.5,-29
H,Dhavalagi,612.4,629.1,3
H,Huvinhippargi,602.7,594.3,-1
T,Tikota,405.5,766.4,89
H,Tikota,405.5,766.4,89
T,Kolhara,605.7,639.4,6
H,Kolhar,605.7,639.4,6
T,Devara Hipparagi,630.3,600.2,-5
H,Devar Hipparagi,630.3,586,-7
H,Huvinhiprgi,625.3,676.1,8
T,Almel,646,606.3,-6
H,Almel,646,605.9,-6
D,GADAG,624,582.8,-7
T,Gadag,658.9,567.1,-14
H,Gadag,658.9,578.3,-12
H,Betageri,655.2,558.3,-15
T,Mundargi,556.9,626.1,12
H,Mundargi,556.9,649.3,17
H,Dambal,461.7,612.8,33
T,Naragund,556.8,552.6,-1
H,Naragund,556.8,683,23
H,Konnur,583.3,376.4,-35
T,Ron,699.4,436.1,-38
H,Ron,699.4,590.8,-16
H,Hole Alur,623.2,328.5,-47
H,Nargil,668.2,365.9,-45
T,Shirahatti,688.5,704.9,2
H,Shirahatti,688.5,704.9,2
T,Gajendragad,737.1,651.3,-12
H,Rona,737.1,859.2,17
H,Nargil,660.1,579.3,-12
T,Laxmeshwar,593.6,641.1,8
H,Laxmeshwar,593.6,641.1,8
D,HAVERI,799.5,899.4,12
T,Byadgi,678.6,1002.6,48
H,Byadgi,678.6,929.5,37
H,Kaginelli,796.7,1095.9,38
T,Hanagal,1043.7,1009,-3
H,Hangal,1043.7,986.1,-6
H,Akki Alur,1067.1,982.1,-8
H,Bommanhalli,1024.3,1060.5,4
T,Haveri,777.8,756,-3
H,Haveri,777.8,841.7,8
H,Guttal,618.6,718,16
H,Karajgi,732.2,733.9,0
T,Hirekerur,856.2,961.5,12
H,Hirekerur,856.2,1001.2,17
H,Haunsbhavi,917.7,924.9,1
T,RANEBENNUR,622.6,905.9,46
H,Ranebennur,622.6,895.3,44
H,Kuppelur,707.7,830.4,17
H,Medleri,650.6,971.4,49
T,Savanur,698.9,786.2,12
H,Savanur,698.9,769.5,10
H,Hatti Mattur,716.5,800.4,12
T,Shiggaon,813.6,922.4,13
H,Shiggaon,813.6,809.7,0
H,Bankapur,808,946.2,17
H,Dhundsi,955.2,987,3
T,Ratteehalli,789.5,908.4,15
H,Rattihalli,789.5,921.6,17
H,Hirekerur,829.5,852.8,3
D,DHARWAD,787.1,890.2,13
T,Dharwad,776.9,927.8,19
H,Dharwad,776.9,1028.1,32
H,Aminbhavi,792.2,747,-6
H,Garag,908.4,969,7
T,Hubballi,771.6,732.2,-5
H,Chabbi,771.6,864.5,12
H,Shirguppi,699.1,650,-7
T,Kalghatgi,978.5,1399.6,43
H,Kalghatgi,978.5,1510.5,54
H,Dummavada,851.6,1326.5,56
H,Tabkad Honnihalli,965.1,1349.7,40
T,Kundgol,661.3,945.3,43
H,Kundgol,661.3,949.3,44
H,Saunshi,695.9,941.8,35
T,Navalgund,630.6,606.9,-4
H,Moraba,630.6,606.7,-4
T,Hubballi Nagara,745.8,544.4,-27
H,Hubballi Urban,745.8,544.5,-27
T,Alnavara,1267.4,1613.2,27
H,Alnavar,1267.4,1613.2,27
T,Annigeri,650.6,483.7,-26
H,Annigeri,650.6,483.5,-26
D,SHIVAMOGGA,2324.5,2689.5,16
T,Bhadravathi,865.7,1105.3,28
H,Bhadravathi_1,865.7,1162.6,34
H,Bhadravathi_2,936.5,1280.7,37
H,Hole Honnuru_1,882.5,1021.7,16
H,Hole Honnuru_3,845.6,1142.2,35
H,Hole Honnuru_2,799.5,931.1,16
H,Kudligere,881.6,1053.2,19
T,HOSANAGARA,3070.8,3602.8,17
H,Hosanagar,3070.8,3378,10
H,Huncha,2490.3,3227.8,30
H,Kerehalli,1764,1900.5,8
H,Nagar,5204.7,5009.6,-4
T,SAGARA,2494.5,3864.7,55
H,Sagar,2494.5,2378.4,-5
H,Anandapuram,1702.1,2218.7,30
H,Baragadde,4039.8,6101.5,51
H,Anahalli,2692.4,3279.5,22
H,Karauru,4154.3,4634.4,12
H,Talguppa,2709.9,3271.2,21
T,SHIKARIPURA,975.2,1350.4,38
H,Shikaripur,975.2,1525,56
H,Anjanapura,1170.9,1397.8,19
H,Husuru,861.4,1271.2,48
H,Udagani,1036.8,1383.3,33
H,Talagunda,1050.4,1257.8,20
T,Shivamogga,842.3,1320.9,57
H,Shivamogga_2,842.3,1128.8,34
H,Shivamogga_1,1150.4,1355.3,18
H,Haranahalli,1037.2,1069.2,3
H,Holalur_1,842.5,1133.4,35
H,Holalur_2,912.8,1094.9,20
H,Kumsi,983.9,1500.1,52
H,Nidige_1,950.8,1199.1,26
H,Nidige_2,1192.9,1573.3,32
H,Ayanuru,1043,1356.2,30
T,SORABA,1541,1849.1,20
H,Sorab,1541,1806,17
H,Anavatti,1260.8,1326.6,5
H,Chandragutti,2331.7,2550.8,9
H,Jade,1477.8,1305.1,-12
H,Kuppagadde,1417.3,1481,4
H,Ulvi,1895.2,2186.5,15
T,Tirthahalli,2866.8,3671.5,28
H,Thirthahalli,2866.8,3521.2,23
H,Agrahara,2713.1,3722.9,37
H,Agumbe,7565,5383.1,-29
H,Mandagadde,1690,2493.5,48
H,Malur,2578.7,3299.9,28
D,HASSAN,1142,1579.8,38
T,Alur,1149,1667.1,45
H,Alur,1149,1292.8,13
H,Kenchamman Hoskota,1813.9,2256.1,24
H,Kundur,1136,1260.2,11
H,Palya,1581.1,1647.4,4
T,ARKALGUD,885.3,1220.3,38
H,Arkalgud,885.3,1203,36
H,Doddamagge,898.8,1187.2,32
H,Konanuru,797.1,1199.8,51
H,Mallipatna,1246,1577.2,27
H,Ramanathapura,829.7,965.3,16
T,ARASIKERE,695.6,929.4,34
H,Arasikere,695.6,811.8,17
H,Banavara,564.5,988.4,75
H,Gandasi,661,1011.3,53
H,Javagal,934.5,934.9,0
H,Kanakatte,595.7,921.4,55
T,Belur,1022.1,1505.8,47
H,Belur,1022.1,1318.2,29
H,Arehalli,1789.6,2239.7,25
H,Bikkodu,1213.4,1830.9,51
H,Halebeedu,1305.2,1069.3,-18
H,Madihalli,1005,1265.1,26
T,Channarayapatna,689.5,1065.8,55
H,Channarayapatna,689.5,1148,66
H,Baguru,778.5,973,25
H,Dandiganahalli,692,1036.1,50
H,Hirisave,768.3,1136.8,48
H,Nuggehalli,669,996.4,49
H,Shravan Belgola,733,1147.2,57
T,Hassan,845.6,1166.4,38
H,Hassan,845.6,1147.2,36
H,Dudda,652.9,1042.2,60
H,Kattya,692.6,1218,76
H,Salagame,816.2,1370.6,68
H,Shantigrama,661.4,1109.2,68
T,HOLENARASIPURA,768.8,1081.6,41
H,Holenarasipur,768.8,1100.9,43
H,Halekote,778.4,1035,33
H,Halli Mysore,767.4,1099.5,43
T,SAKALESHPURA,2246.7,3842.6,71
H,Sakaleshpur,2246.7,3305.5,47
H,Balegodu,1789.7,2302.4,29
H,Hanbalu,2377.3,4059.7,71
H,Hettur,2218.3,4857.1,119
H,Yaslur,1783.4,3494.1,96
D,CHIKKAMAGALURU,1832.9,2250.1,23
T,CHIKKAMAGALURU,835.8,1886.2,126
H,Chikkamagaluru,835.8,1459.8,75
H,Amble,937.9,1232.6,31
H,Aldur,1642.9,2163.7,32
H,Sangmeswrpet,2338.6,2285.1,-2
H,Lakya,1283.3,1271.9,-1
H,Avathi,1340.4,2318.1,73
H,Jagar,909.4,2255.5,148
H,Vasthare,1048.2,2163.8,106
T,Kadur,638.9,953.9,49
H,Kadur,638.9,925.9,45
H,Birur,676.5,1114.1,65
H,Hirenalluru,643,876,36
H,Sakkarepatna,813.5,1010.6,24
H,Shingatagere,630.1,1010,60
H,Yagati,632.5,771.4,22
H,Panchanahalli,593.9,907.1,53
T,Koppa,2906.9,3793.1,30
H,Koppa,2906.9,3973.2,37
H,Hariharpur,3046.1,4337.2,42
H,Meguda,3121.6,3358.3,8
T,Mudigere,2315.3,3146.4,36
H,Mudigere,2315.3,2200.4,-5
H,Bankal,4139.1,3365.8,-19
H,Gonibidu,2268.2,3368.7,49
H,Baluru,3866,3287.4,-15
T,NARASIMHARAJAPURA,1609,2576,60
H,Narasimharajapur,1609,2259.8,40
H,Balehonnur,2590.1,2965.3,14
T,Sringeri,3887.2,4966.5,28
H,Sringeri,3887.2,4370.2,12
H,Kigga,4377,5160,18
T,Tarikere,914.3,1296.6,42
H,Tarikere,914.3,1281.1,40
H,Amrutapur,881.7,1177.3,34
H,Lakavalli,1256,1444.9,15
H,Lingadahalli,825.5,1275.3,54
T,Ajjampura,668.6,931.3,39
H,Ajjampura,668.6,969,45
H,Chowlahiriyur,607.1,820.9,35
H,Shivani,575.4,947.3,65
H,Amrutpura,698.2,1127.6,62
H,Hirenalluru,644.9,932.2,45
T,Kalasa,3491.3,4057,16
H,Kalasa,3491.3,4057,16
D,KODAGU,2729.4,3052.2,12
T,Madikeri,3265.2,4029.4,23
H,Madikeri,3265.2,3878,19
H,Bhagamandala,5783.9,4481,-23
H,Napoklu,2832.8,3432.1,21
H,Sampaje,4417.5,4349.4,-2
T,Somwarpet,2098.1,2728.8,30
H,Somwarpet,2098.1,2429.9,16
H,Kodlipet,1613.1,2098.3,30
H,Sanivarsante,1862.9,2017.2,8
H,Santhahalli,2294.3,3583.6,56
T,Virajpet,2467.6,2690.3,9
H,Virajpet,2467.6,3146.4,28
H,Ammati,1992.5,2423.2,22
T,Kushalanagara,978.5,2017,106
H,Kushalnagar,978.5,1952.9,100
H,Suntikoppa,1589.1,2852.8,80
T,Ponnampete,2267.2,2464.9,9
H,Ponnampet,2267.2,2055.2,-9
H,Blale,1798.5,2005.2,11
H,Hudakere,2402.7,3235.6,35
H,Srimangala,2753.2,2541.3,-8
D,DAKSHINA KANNADA,4006.4,4665.9,16
T,Beltangadi,4426.4,5133.5,16
H,Belthangady,4426.4,5007,13
H,Kokkada,4261.4,5088.9,19
H,Venur,4117.3,5465.9,33
T,Bantwal,3856.4,4255.8,10
H,Bantwal,3856.4,4550.2,18
H,Pane Mangalore,3884.9,4370.3,12
H,Vittal,3984.1,3934.1,-1
T,Mangaluru,3608.9,4025.2,12
H,Mangaluru_A,3630.7,3668.8,1
H,Gurpur,3801.3,4019.7,6
H,Suratkal,3834.2,4212,10
T,Puttur,4058.3,4262.1,5
H,Puttur,4058.3,4224.3,4
H,Uppinangadi,3939.3,4378.4,11
T,Sulya,3592,4668.5,30
H,Sullia,3592,4458.5,24
H,Panaje,4014.6,5139.6,28
T,Mudabidri,4009.5,5043.6,26
H,Mudbidri,4009.5,5043.9,26
T,Kadaba,4135.2,4759.3,15
H,Kadaba,4135.2,4858,17
H,Panaje,4214.9,4753.5,13
H,Uppinangadi,3494.9,4568.3,31
T,Mulki,3788,4180,10
H,Mulki,3788,4180,10
H,Ullala,3609.2,4038.4,12
T,Mangaluru_B,3608.9,4038.4,12
D,UDUPI,4534.6,5261.4,16
T,Karkala,4776.6,5273,10
H,Karkala,4776.6,5135,8
H,Ajekar,4755.1,5529.5,16
T,Kundapur,3786,5580.7,47
H,Kundapur,3786,4949.8,31
H,Vandse,4259.6,5915.1,39
T,Udupi,3861.5,4524.8,17
H,Udupi,3861.5,4544.7,18
H,Brahmavara,4333,4484.2,3
T,Bynduru,4428.1,5287.9,19
H,Bainduru,4428.1,5287.9,19
T,Bramhavara,4042.9,4797.1,19
H,Brahmavara,4042.9,4924.7,22
H,Kota,3524.7,4665,32
T,Kapu,3757,4388.6,17
H,Kapu,3757,4388.7,17
T,Hebri,5801.8,5920.5,2
H,Ajekar,5801.8,5847.5,1
H,Kundapur,5072.7,6173.1,22
D,UTTARA KANNADA,2936.3,3914.2,33
T,Ankola,3532.2,5292.6,50
H,Ankola,3532.2,5435.7,54
H,Belikere,3516.8,4948.7,41
H,Basagod,3438,5148.4,50
H,Blale,3363.5,5424.4,61
T,Bhatkal,4322.3,5265.1,22
H,Susgadi,4322.3,5460.4,26
H,Mavalli,4071.1,5026.7,23
T,Haliyal,1339,1494.3,12
H,Haliyal,1339,1503.9,12
H,Murkvad,1061.4,1335.8,26
H,Sambrani,1259.9,1531.1,22
H,Dandeli,1370.7,1906.4,39
T,Honnavar,3727.9,5474.7,47
H,Honnavar,3727.9,5299.1,42
H,Manki,3667.6,4908.3,34
H,Mavinakurvei,3869,5900.6,53
T,Karwar,3233.6,5042.4,56
H,Baad,3233.6,4742.6,47
H,Ghadasaya,3611.4,5325.1,47
H,Kinnar,3447.7,4999.6,45
H,Savantvada,3329.4,4361.2,31
T,Kumta,3522.6,5009,42
H,Kumta,3522.6,5503.5,56
H,Gokarna,3243.4,5080.6,57
H,Kujahalli,3977.6,5276.8,33
H,Mirjan,3525.7,4693.6,33
T,Mundgod,1437.6,1762.5,23
H,Mundgod,1437.6,1761.6,23
H,Pala,1243,1763.9,42
T,SIDDAPUR,3016,4775.5,58
H,Umbalamani,4455.6,4423.1,-1
H,Siddapura,3016,3849.5,28
H,Kodkani,3370.5,5714.1,70
T,SIRSI,2359.9,3844,63
H,Sirsi,2359.9,3111.3,32
H,Banavasi,1510.9,2332.3,54
H,Hulekal,2174.3,4275.3,97
H,Sampakanda,4140.6,5035.6,22
T,SUPA,2578.3,3602.7,40
H,Supa,2578.3,3003.2,16
H,Kasalrock,4657.9,3876.5,-17
H,Kumbarawada,3072.6,3850.1,25
T,YELLAPUR,2667.9,3061.4,15
H,Yellapur,2667.9,3650.1,37
H,Manchikeri,1989.4,2552.1,28
T,Dandelli,1539.5,2123.4,38
H,Dhandeli,1539.5,2120.8,38
D,YADGIR,718.8,736,2
T,Shahapur,848.4,702.3,-17
H,Shahpur,848.4,687.7,-19
H,Doranahlli,815.7,708.5,-13
H,Gogi,775.2,713.2,-8
H,Hayyalbuzurg,735.7,709.9,-4
T,Shorapur,722.1,694.4,-4
H,Shorapur,722.1,781.3,8
H,Kakkeri,575.8,671,17
H,Kembhavi,583.6,630.4,8
T,Yadgir,908.4,821.1,-10
H,Yadgir,908.4,902.1,-1
H,Balichakra,773.2,818.4,6
H,Hattikuni,854.5,814.1,-5
H,Saidapur,753.6,752.4,0
T,Gurumithakala,773.2,912.3,18
H,Gurmitakal,773.2,999.3,29
H,Konakal,776.1,872.4,12
H,Balichakra,762.7,832.2,9
T,Vadagera,616.9,655.4,6
H,Wadagera,616.9,611.4,-1
H,Doranahlli,715.5,755.9,6
H,Hayyala Buzurg,722.5,667.7,-8
T,Hunisigi,500.5,642.7,28
H,Hunasagi,500.5,646.4,29
H,Kodekal,621.7,628.9,1
H,Kakkera,571.4,714.6,25
D,VIJAYANAGAR,642.5,763.7,19
T,Hosapete,703.8,939.7,34
H,Hospet,703.8,881.3,25
H,Kamalapura,658.3,1002.7,52
H,Mariyammanahalli,673.1,904.9,34
T,Hadagali,641,557,-13
H,Hadagali,641,487.2,-24
H,Hirehadagalli,652.1,724.5,11
H,Ittigi,666.5,490.6,-26
T,HAGARIBOMMANAHALLI,634.6,747.8,18
H,Hagaribommanahalli,634.6,757.3,19
H,Hampa Sagara,616.9,810,31
H,Tambarahalli,627.6,823.8,31
H,Kogali,616.9,579.5,-6
T,HARAPPANAHALLI,755.1,713.5,-6
H,Harapanahalli,755.1,525.3,-30
H,Arasikere,656.3,805.2,23
H,Chigateri,761.2,747.2,-2
H,Telagi,665.5,770.3,16
T,Kotturu,533,959.2,80
H,Kotturu,533,989.4,86
H,Kogali,641.4,821.4,28
H,Hoshalli,560.4,983.4,75
T,KUDLIGI,589.8,832.4,41
H,Kudligi,589.8,903.2,53
H,Gudekote,521.4,724.3,39
H,Hosahalli,504,926.1,84
,1.SIK,714.1,874.5,22
,2.NIK,701.6,782.9,12
,3.MALNAD,1949.6,2341.9,20
,4.COASTAL,3518.3,4366.6,24
,State,1153.4,1374.7,19
